Path,Name,Class,Vertices,Faces(Cells),Triangles,Quads,BBox
../../ShapeDatabase_INFOMR_preprocessed/Insect/D00309.obj,D00309.obj,Insect,91263,180352,180352,0,"[-0.8648725152015686, 0.8246373534202576, -0.8649132251739502, 0.7195291519165039, -0.36983922123908997, 0.41761067509651184]"
../../ShapeDatabase_INFOMR_preprocessed/Insect/D00109.obj,D00109.obj,Insect,393,461,461,0,"[-0.8494538068771362, 0.8414269089698792, -0.6153789758682251, 0.763745129108429, -0.34851759672164917, 0.6126975417137146]"
